{
  "6B+": {
    "common_starts": [
      [
        5,
        4
      ],
      [
        10,
        4
      ],
      [
        6,
        3
      ],
      [
        6,
        1
      ],
      [
        8,
        4
      ],
      [
        9,
        4
      ],
      [
        8,
        3
      ],
      [
        1,
        2
      ],
      [
        7,
        4
      ],
      [
        0,
        4
      ],
      [
        4,
        5
      ],
      [
        2,
        4
      ],
      [
        9,
        1
      ],
      [
        6,
        5
      ],
      [
        1,
        5
      ],
      [
        8,
        5
      ],
      [
        3,
        4
      ],
      [
        3,
        2
      ],
      [
        1,
        3
      ],
      [
        3,
        5
      ]
    ],
    "common_ends": [
      [
        4,
        17
      ],
      [
        6,
        17
      ],
      [
        3,
        17
      ],
      [
        8,
        17
      ],
      [
        10,
        17
      ],
      [
        1,
        17
      ],
      [
        0,
        17
      ],
      [
        2,
        17
      ],
      [
        7,
        17
      ]
    ],
    "hold_count_min": 4,
    "hold_count_max": 24,
    "hold_count_mean": 8.294063365118426,
    "hold_count_std": 1.8329896195099544
  },
  "7A": {
    "common_starts": [
      [
        5,
        4
      ],
      [
        6,
        3
      ],
      [
        9,
        4
      ],
      [
        8,
        4
      ],
      [
        7,
        4
      ],
      [
        0,
        4
      ],
      [
        6,
        1
      ],
      [
        10,
        4
      ],
      [
        1,
        2
      ],
      [
        2,
        4
      ],
      [
        1,
        3
      ],
      [
        8,
        3
      ],
      [
        3,
        2
      ],
      [
        4,
        5
      ],
      [
        9,
        1
      ],
      [
        6,
        5
      ],
      [
        1,
        5
      ],
      [
        3,
        5
      ],
      [
        5,
        5
      ],
      [
        8,
        5
      ]
    ],
    "common_ends": [
      [
        3,
        17
      ],
      [
        4,
        17
      ],
      [
        6,
        17
      ],
      [
        8,
        17
      ],
      [
        10,
        17
      ],
      [
        2,
        17
      ],
      [
        7,
        17
      ],
      [
        0,
        17
      ],
      [
        1,
        17
      ]
    ],
    "hold_count_min": 4,
    "hold_count_max": 21,
    "hold_count_mean": 7.115254237288136,
    "hold_count_std": 1.4614612561268983
  },
  "6C+": {
    "common_starts": [
      [
        5,
        4
      ],
      [
        10,
        4
      ],
      [
        6,
        3
      ],
      [
        6,
        1
      ],
      [
        0,
        4
      ],
      [
        9,
        4
      ],
      [
        1,
        2
      ],
      [
        7,
        4
      ],
      [
        8,
        4
      ],
      [
        8,
        3
      ],
      [
        4,
        5
      ],
      [
        3,
        2
      ],
      [
        1,
        3
      ],
      [
        2,
        4
      ],
      [
        3,
        4
      ],
      [
        1,
        5
      ],
      [
        9,
        1
      ],
      [
        6,
        5
      ],
      [
        3,
        5
      ],
      [
        8,
        5
      ]
    ],
    "common_ends": [
      [
        4,
        17
      ],
      [
        3,
        17
      ],
      [
        6,
        17
      ],
      [
        8,
        17
      ],
      [
        10,
        17
      ],
      [
        0,
        17
      ],
      [
        1,
        17
      ],
      [
        2,
        17
      ],
      [
        7,
        17
      ]
    ],
    "hold_count_min": 5,
    "hold_count_max": 13,
    "hold_count_mean": 7.510542168674699,
    "hold_count_std": 1.4415970711997448
  },
  "6C": {
    "common_starts": [
      [
        5,
        4
      ],
      [
        10,
        4
      ],
      [
        6,
        3
      ],
      [
        1,
        2
      ],
      [
        6,
        1
      ],
      [
        8,
        4
      ],
      [
        0,
        4
      ],
      [
        9,
        4
      ],
      [
        7,
        4
      ],
      [
        8,
        3
      ],
      [
        4,
        5
      ],
      [
        2,
        4
      ],
      [
        9,
        1
      ],
      [
        6,
        5
      ],
      [
        1,
        3
      ],
      [
        3,
        2
      ],
      [
        1,
        5
      ],
      [
        8,
        5
      ],
      [
        3,
        4
      ],
      [
        5,
        5
      ]
    ],
    "common_ends": [
      [
        4,
        17
      ],
      [
        6,
        17
      ],
      [
        3,
        17
      ],
      [
        8,
        17
      ],
      [
        1,
        17
      ],
      [
        10,
        17
      ],
      [
        0,
        17
      ],
      [
        2,
        17
      ],
      [
        7,
        17
      ]
    ],
    "hold_count_min": 4,
    "hold_count_max": 14,
    "hold_count_mean": 7.540514775977121,
    "hold_count_std": 1.4621138966343032
  },
  "7B+": {
    "common_starts": [
      [
        0,
        4
      ],
      [
        5,
        4
      ],
      [
        1,
        2
      ],
      [
        9,
        4
      ],
      [
        1,
        3
      ],
      [
        2,
        4
      ],
      [
        6,
        1
      ],
      [
        8,
        4
      ],
      [
        6,
        3
      ],
      [
        7,
        4
      ],
      [
        10,
        4
      ],
      [
        8,
        3
      ],
      [
        4,
        5
      ],
      [
        9,
        1
      ],
      [
        1,
        5
      ],
      [
        3,
        5
      ],
      [
        8,
        5
      ],
      [
        3,
        2
      ],
      [
        6,
        5
      ],
      [
        3,
        4
      ]
    ],
    "common_ends": [
      [
        3,
        17
      ],
      [
        6,
        17
      ],
      [
        4,
        17
      ],
      [
        7,
        17
      ],
      [
        2,
        17
      ],
      [
        8,
        17
      ],
      [
        10,
        17
      ],
      [
        0,
        17
      ],
      [
        1,
        17
      ]
    ],
    "hold_count_min": 4,
    "hold_count_max": 11,
    "hold_count_mean": 6.741463414634146,
    "hold_count_std": 1.433565503749152
  },
  "7B": {
    "common_starts": [
      [
        5,
        4
      ],
      [
        10,
        4
      ],
      [
        6,
        3
      ],
      [
        9,
        4
      ],
      [
        8,
        4
      ],
      [
        6,
        1
      ],
      [
        0,
        4
      ],
      [
        1,
        3
      ],
      [
        1,
        2
      ],
      [
        4,
        5
      ],
      [
        8,
        3
      ],
      [
        3,
        2
      ],
      [
        2,
        4
      ],
      [
        7,
        4
      ],
      [
        9,
        1
      ],
      [
        1,
        5
      ],
      [
        6,
        5
      ],
      [
        3,
        5
      ],
      [
        5,
        5
      ],
      [
        8,
        5
      ]
    ],
    "common_ends": [
      [
        3,
        17
      ],
      [
        6,
        17
      ],
      [
        4,
        17
      ],
      [
        2,
        17
      ],
      [
        8,
        17
      ],
      [
        7,
        17
      ],
      [
        10,
        17
      ],
      [
        0,
        17
      ],
      [
        1,
        17
      ]
    ],
    "hold_count_min": 4,
    "hold_count_max": 13,
    "hold_count_mean": 7.08125,
    "hold_count_std": 1.4810126392100778
  },